{"cameraMode":{"drawMode":0,"name":"Shaded","section":"Shading Mode"},"sceneLighting":true,"audioPlay":false,"sceneViewState":{"m_AlwaysRefresh":false,"showFog":true,"showSkybox":true,"showFlares":true,"showImageEffects":true,"showParticleSystems":true,"showVisualEffectGraphs":true,"m_FxEnabled":true},"in2DMode":false,"pivot":{"x":0.1727721393108368,"y":-0.1288738250732422,"z":0.014263272285461426},"rotation":{"x":0.5578249096870422,"y":0.039059173315763476,"z":-0.02629360370337963,"w":0.8286386728286743},"size":0.9563941359519959,"orthographic":false}