{"cameraMode":{"drawMode":0,"name":"Shaded","section":"Shading Mode"},"sceneLighting":true,"audioPlay":false,"sceneViewState":{"m_AlwaysRefresh":false,"showFog":true,"showSkybox":true,"showFlares":true,"showImageEffects":true,"showParticleSystems":true,"showVisualEffectGraphs":true,"m_FxEnabled":true},"in2DMode":false,"pivot":{"x":-0.00023727864027023315,"y":0.00003978610038757324,"z":-0.0006985403597354889},"rotation":{"x":0.42977458238601687,"y":-0.07525163143873215,"z":0.035965658724308017,"w":0.899095356464386},"size":1.3884421586990357,"orthographic":false}