{"cameraMode":{"drawMode":0,"name":"Shaded","section":"Shading Mode"},"sceneLighting":false,"audioPlay":false,"sceneViewState":{"m_AlwaysRefresh":false,"showFog":true,"showSkybox":false,"showFlares":true,"showImageEffects":true,"showParticleSystems":true,"showVisualEffectGraphs":true,"m_FxEnabled":true},"in2DMode":false,"pivot":{"x":-0.4175010025501251,"y":0.10066522657871247,"z":-0.2144647091627121},"rotation":{"x":0.47227048873901369,"y":-0.019829602912068368,"z":0.010627915151417256,"w":0.8811671137809753},"size":0.06013833358883858,"orthographic":false}